{
	"brand"	: "Heineken",
	"page"	: "Prototype",
	"description": "by Norbert de langen",

	"language": "en",


	"overlay": {
		"state": "",
		"active": "",
		"buttons": [
			{
				"color": "color1",
				"icon": "overlay/parts/icon/facebook",
				"title": "facebook 1"
			},
			{
				"color": "color1",
				"icon": "overlay/parts/icon/facebook",
				"title": "facebook 2"
			},
			{
				"color": "color1",
				"icon": "overlay/parts/icon/facebook",
				"title": "facebook 3"
			},
			{
				"color": "color2",
				"icon": "overlay/parts/icon/twitter",
				"title": "twitter"
			},
			{
				"color": "color3",
				"icon": "overlay/parts/icon/youtube",
				"title": "youtube"
			}
		]
	},

	"footer": {
		"navs": [
			{"url": "#!", "image": "/assets/img/2340.png"},
			{"url": "#!", "name": "Link #1"},
			{"url": "#!", "name": "Link #1"}
		]
	},

	"media-gallery": {
		"patterns": [
			{
				"name": "pattern1",
				"sizes": ["small","small","small","small"]
			},
			{
				"name": "pattern2",
				"sizes": ["medium","small","small"]
			},
			{
				"name": "pattern3",
				"sizes": ["small","small","medium"]
			},
			{
				"name": "pattern4",
				"sizes": ["medium","medium"]
			},
			{
				"name": "pattern5",
				"sizes": ["large"]
			},
			{
				"name": "pattern6",
				"sizes": ["wide", "small", "small"]
			},
			{
				"name": "pattern7",
				"sizes": ["small", "small", "wide"]
			},
			{
				"name": "pattern8",
				"sizes": ["wide", "wide"]
			}
		]
	},
	"navigation-tiles": {
		"tiles-a": [
			{
				"title": "Theses tiles",
				"size": "1x1",
				"location": "https://example.com"
			},
			{
				"title": "used to be called",
				"size": "1x1",
				"location": "https://example.com"
			},
			{
				"title": "to navigation tiles",
				"size": "1x2",
				"location": "https://example.com"
			},
			{
				"title": "secondary triggers",
				"size": "1x1",
				"location": "https://example.com"
			},
			{
				"title": "but we changed it",
				"size": "2x1",
				"location": "https://example.com"
			},
			{
				"title": "pretty sweet name, right?",
				"size": "1x1",
				"location": "https://example.com"
			}
		],

		"tiles-b": [
			{
				"title": "Theses tiles",
				"size": "1x1"
			},
			{
				"title": "used to be called",
				"size": "1x1"
			},
			{
				"title": "to navigation tiles",
				"size": "1x2"
			},
			{
				"title": "secondary triggers",
				"size": "1x1"
			}
		],

		"tiles-c": [
			{
				"title": "Theses tiles",
				"size": "1x1"
			},
			{
				"title": "used to be called",
				"size": "1x1"
			},
			{
				"title": "to navigation tiles",
				"size": "1x2"
			},
			{
				"title": "secondary triggers",
				"size": "1x1"
			},
			{
				"title": "but we changed it",
				"size": "2x1"
			},
			{
				"title": "pretty sweet name, right?",
				"size": "2x2"
			},
			{
				"title": "but we changed it",
				"size": "2x1"
			},
			{
				"title": "to navigation tiles",
				"size": "1x2"
			},
			{
				"title": "Theses tiles",
				"size": "1x1"
			},
			{
				"title": "used to be called",
				"size": "1x1"
			},
			{
				"title": "secondary triggers",
				"size": "1x1"
			},
			{
				"title": "pretty sweet name, right?",
				"size": "1x1"
			}
		],

		"BAD_tiles": [
			{
				"title": "Theses tiles",
				"size": "1x1"
			},
			{
				"title": "used to be called",
				"size": "1x1"
			},
			{
				"title": "to navigation tiles",
				"size": "1x2"
			},
			{
				"title": "secondary triggers",
				"size": "1x1"
			},
			{
				"title": "but we changed it",
				"size": "2x1"
			},
			{
				"title": "pretty sweet name, right?",
				"size": "1x1"
			}
		]
	}
}