[
    {
        "key": "pages",
        "name": "Pages",
        "url": "/pages",
        "directory": true,
        "children": [
            {
                "key": "home",
                "name": "Home",
                "url": "/pages/home",
                "directory": false
            }
        ]
    },
    {
        "key": "pages",
        "name": "Pages",
        "url": "/pages",
        "directory": true,
        "children": [
            {
                "key": "faq",
                "name": "Faq",
                "url": "/pages/faq",
                "directory": false
            },
            {
                "key": "gateway",
                "name": "Gateway",
                "url": "/pages/gateway",
                "directory": false
            },
            {
                "key": "hero-editing",
                "name": "Hero editing",
                "url": "/pages/hero-editing",
                "directory": false
            },
            {
                "key": "hero-regular",
                "name": "Hero regular",
                "url": "/pages/hero-regular",
                "directory": false
            },
            {
                "key": "media-gallery",
                "name": "Media gallery",
                "url": "/pages/media-gallery",
                "directory": false
            },
            {
                "key": "navigation-tiles-editing",
                "name": "Navigation tiles editing",
                "url": "/pages/navigation-tiles-editing",
                "directory": false
            },
            {
                "key": "submenu",
                "name": "Submenu",
                "url": "/pages/submenu",
                "directory": false
            }
        ]
    }
]